--
-- PostgreSQL database dump
--

-- Dumped from database version 10.3
-- Dumped by pg_dump version 10.3

SET statement_timeout = 0;
SET lock_timeout = 0;
SET idle_in_transaction_session_timeout = 0;
SET client_encoding = 'UTF8';
SET standard_conforming_strings = on;
SELECT pg_catalog.set_config('search_path', '', false);
SET check_function_bodies = false;
SET client_min_messages = warning;
SET row_security = off;

--
-- Name: plpgsql; Type: EXTENSION; Schema: -; Owner: -
--

CREATE EXTENSION IF NOT EXISTS plpgsql WITH SCHEMA pg_catalog;


--
-- Name: EXTENSION plpgsql; Type: COMMENT; Schema: -; Owner: -
--

COMMENT ON EXTENSION plpgsql IS 'PL/pgSQL procedural language';


--
-- Name: gender; Type: TYPE; Schema: public; Owner: -
--

CREATE TYPE public.gender AS ENUM (
    'male',
    'female'
);


SET default_tablespace = '';

SET default_with_oids = false;

--
-- Name: colors; Type: TABLE; Schema: public; Owner: -
--

CREATE TABLE public.colors (
    id integer,
    color text
);


--
-- Name: pokemon; Type: TABLE; Schema: public; Owner: -
--

CREATE TABLE public.pokemon (
    listing_id integer NOT NULL,
    pokemon_id integer,
    name text,
    total integer,
    hp integer,
    attack integer,
    defense integer,
    sp_atk integer,
    sp_def integer,
    speed integer,
    generation integer,
    legendary boolean
);


--
-- Name: pokemon_colors; Type: TABLE; Schema: public; Owner: -
--

CREATE TABLE public.pokemon_colors (
    pokemon_listing_id integer,
    color_id integer
);


--
-- Name: pokemon_listing_id_seq; Type: SEQUENCE; Schema: public; Owner: -
--

CREATE SEQUENCE public.pokemon_listing_id_seq
    AS integer
    START WITH 1
    INCREMENT BY 1
    NO MINVALUE
    NO MAXVALUE
    CACHE 1;


--
-- Name: pokemon_listing_id_seq; Type: SEQUENCE OWNED BY; Schema: public; Owner: -
--

ALTER SEQUENCE public.pokemon_listing_id_seq OWNED BY public.pokemon.listing_id;


--
-- Name: pokemon_types; Type: TABLE; Schema: public; Owner: -
--

CREATE TABLE public.pokemon_types (
    pokemon_listing_id integer,
    type_id integer
);


--
-- Name: types; Type: TABLE; Schema: public; Owner: -
--

CREATE TABLE public.types (
    id integer,
    type_name text
);


--
-- Name: pokemon listing_id; Type: DEFAULT; Schema: public; Owner: -
--

ALTER TABLE ONLY public.pokemon ALTER COLUMN listing_id SET DEFAULT nextval('public.pokemon_listing_id_seq'::regclass);


--
-- Data for Name: colors; Type: TABLE DATA; Schema: public; Owner: -
--

COPY public.colors (id, color) FROM stdin;
1	Pink
2	Green
3	Red
4	Black
5	Gray
6	White
7	Yellow
8	Blue
9	Brown
10	Purple
\.


--
-- Data for Name: pokemon; Type: TABLE DATA; Schema: public; Owner: -
--

COPY public.pokemon (listing_id, pokemon_id, name, total, hp, attack, defense, sp_atk, sp_def, speed, generation, legendary) FROM stdin;
1	1	Bulbasaur	318	45	49	49	65	65	45	1	f
2	2	Ivysaur	405	60	62	63	80	80	60	1	f
3	3	Venusaur	525	80	82	83	100	100	80	1	f
4	3	VenusaurMega Venusaur	625	80	100	123	122	120	80	1	f
5	4	Charmander	309	39	52	43	60	50	65	1	f
6	5	Charmeleon	405	58	64	58	80	65	80	1	f
7	6	Charizard	534	78	84	78	109	85	100	1	f
8	6	CharizardMega Charizard X	634	78	130	111	130	85	100	1	f
9	6	CharizardMega Charizard Y	634	78	104	78	159	115	100	1	f
10	7	Squirtle	314	44	48	65	50	64	43	1	f
11	8	Wartortle	405	59	63	80	65	80	58	1	f
12	9	Blastoise	530	79	83	100	85	105	78	1	f
13	9	BlastoiseMega Blastoise	630	79	103	120	135	115	78	1	f
14	10	Caterpie	195	45	30	35	20	20	45	1	f
15	11	Metapod	205	50	20	55	25	25	30	1	f
16	12	Butterfree	395	60	45	50	90	80	70	1	f
17	13	Weedle	195	40	35	30	20	20	50	1	f
18	14	Kakuna	205	45	25	50	25	25	35	1	f
19	15	Beedrill	395	65	90	40	45	80	75	1	f
20	15	BeedrillMega Beedrill	495	65	150	40	15	80	145	1	f
21	16	Pidgey	251	40	45	40	35	35	56	1	f
22	17	Pidgeotto	349	63	60	55	50	50	71	1	f
23	18	Pidgeot	479	83	80	75	70	70	101	1	f
24	18	PidgeotMega Pidgeot	579	83	80	80	135	80	121	1	f
25	19	Rattata	253	30	56	35	25	35	72	1	f
26	20	Raticate	413	55	81	60	50	70	97	1	f
27	21	Spearow	262	40	60	30	31	31	70	1	f
28	22	Fearow	442	65	90	65	61	61	100	1	f
29	23	Ekans	288	35	60	44	40	54	55	1	f
30	24	Arbok	438	60	85	69	65	79	80	1	f
31	25	Pikachu	320	35	55	40	50	50	90	1	f
32	26	Raichu	485	60	90	55	90	80	110	1	f
33	27	Sandshrew	300	50	75	85	20	30	40	1	f
34	28	Sandslash	450	75	100	110	45	55	65	1	f
35	29	Nidoran♀	275	55	47	52	40	40	41	1	f
36	30	Nidorina	365	70	62	67	55	55	56	1	f
37	31	Nidoqueen	505	90	92	87	75	85	76	1	f
38	32	Nidoran♂	273	46	57	40	40	40	50	1	f
39	33	Nidorino	365	61	72	57	55	55	65	1	f
40	34	Nidoking	505	81	102	77	85	75	85	1	f
41	35	Clefairy	323	70	45	48	60	65	35	1	f
42	36	Clefable	483	95	70	73	95	90	60	1	f
43	37	Vulpix	299	38	41	40	50	65	65	1	f
44	38	Ninetales	505	73	76	75	81	100	100	1	f
45	39	Jigglypuff	270	115	45	20	45	25	20	1	f
46	40	Wigglytuff	435	140	70	45	85	50	45	1	f
47	41	Zubat	245	40	45	35	30	40	55	1	f
48	42	Golbat	455	75	80	70	65	75	90	1	f
49	43	Oddish	320	45	50	55	75	65	30	1	f
50	44	Gloom	395	60	65	70	85	75	40	1	f
51	45	Vileplume	490	75	80	85	110	90	50	1	f
52	46	Paras	285	35	70	55	45	55	25	1	f
53	47	Parasect	405	60	95	80	60	80	30	1	f
54	48	Venonat	305	60	55	50	40	55	45	1	f
55	49	Venomoth	450	70	65	60	90	75	90	1	f
56	50	Diglett	265	10	55	25	35	45	95	1	f
57	51	Dugtrio	405	35	80	50	50	70	120	1	f
58	52	Meowth	290	40	45	35	40	40	90	1	f
59	53	Persian	440	65	70	60	65	65	115	1	f
60	54	Psyduck	320	50	52	48	65	50	55	1	f
61	55	Golduck	500	80	82	78	95	80	85	1	f
62	56	Mankey	305	40	80	35	35	45	70	1	f
63	57	Primeape	455	65	105	60	60	70	95	1	f
64	58	Growlithe	350	55	70	45	70	50	60	1	f
65	59	Arcanine	555	90	110	80	100	80	95	1	f
66	60	Poliwag	300	40	50	40	40	40	90	1	f
67	61	Poliwhirl	385	65	65	65	50	50	90	1	f
68	62	Poliwrath	510	90	95	95	70	90	70	1	f
69	63	Abra	310	25	20	15	105	55	90	1	f
70	64	Kadabra	400	40	35	30	120	70	105	1	f
71	65	Alakazam	500	55	50	45	135	95	120	1	f
72	65	AlakazamMega Alakazam	590	55	50	65	175	95	150	1	f
73	66	Machop	305	70	80	50	35	35	35	1	f
74	67	Machoke	405	80	100	70	50	60	45	1	f
75	68	Machamp	505	90	130	80	65	85	55	1	f
76	69	Bellsprout	300	50	75	35	70	30	40	1	f
77	70	Weepinbell	390	65	90	50	85	45	55	1	f
78	71	Victreebel	490	80	105	65	100	70	70	1	f
79	72	Tentacool	335	40	40	35	50	100	70	1	f
80	73	Tentacruel	515	80	70	65	80	120	100	1	f
81	74	Geodude	300	40	80	100	30	30	20	1	f
82	75	Graveler	390	55	95	115	45	45	35	1	f
83	76	Golem	495	80	120	130	55	65	45	1	f
84	77	Ponyta	410	50	85	55	65	65	90	1	f
85	78	Rapidash	500	65	100	70	80	80	105	1	f
86	79	Slowpoke	315	90	65	65	40	40	15	1	f
87	80	Slowbro	490	95	75	110	100	80	30	1	f
88	80	SlowbroMega Slowbro	590	95	75	180	130	80	30	1	f
89	81	Magnemite	325	25	35	70	95	55	45	1	f
90	82	Magneton	465	50	60	95	120	70	70	1	f
91	83	Farfetch'd	352	52	65	55	58	62	60	1	f
92	84	Doduo	310	35	85	45	35	35	75	1	f
93	85	Dodrio	460	60	110	70	60	60	100	1	f
94	86	Seel	325	65	45	55	45	70	45	1	f
95	87	Dewgong	475	90	70	80	70	95	70	1	f
96	88	Grimer	325	80	80	50	40	50	25	1	f
97	89	Muk	500	105	105	75	65	100	50	1	f
98	90	Shellder	305	30	65	100	45	25	40	1	f
99	91	Cloyster	525	50	95	180	85	45	70	1	f
100	92	Gastly	310	30	35	30	100	35	80	1	f
101	93	Haunter	405	45	50	45	115	55	95	1	f
102	94	Gengar	500	60	65	60	130	75	110	1	f
103	94	GengarMega Gengar	600	60	65	80	170	95	130	1	f
104	95	Onix	385	35	45	160	30	45	70	1	f
105	96	Drowzee	328	60	48	45	43	90	42	1	f
106	97	Hypno	483	85	73	70	73	115	67	1	f
107	98	Krabby	325	30	105	90	25	25	50	1	f
108	99	Kingler	475	55	130	115	50	50	75	1	f
109	100	Voltorb	330	40	30	50	55	55	100	1	f
110	101	Electrode	480	60	50	70	80	80	140	1	f
111	102	Exeggcute	325	60	40	80	60	45	40	1	f
112	103	Exeggutor	520	95	95	85	125	65	55	1	f
113	104	Cubone	320	50	50	95	40	50	35	1	f
114	105	Marowak	425	60	80	110	50	80	45	1	f
115	106	Hitmonlee	455	50	120	53	35	110	87	1	f
116	107	Hitmonchan	455	50	105	79	35	110	76	1	f
117	108	Lickitung	385	90	55	75	60	75	30	1	f
118	109	Koffing	340	40	65	95	60	45	35	1	f
119	110	Weezing	490	65	90	120	85	70	60	1	f
120	111	Rhyhorn	345	80	85	95	30	30	25	1	f
121	112	Rhydon	485	105	130	120	45	45	40	1	f
122	113	Chansey	450	250	5	5	35	105	50	1	f
123	114	Tangela	435	65	55	115	100	40	60	1	f
124	115	Kangaskhan	490	105	95	80	40	80	90	1	f
125	115	KangaskhanMega Kangaskhan	590	105	125	100	60	100	100	1	f
126	116	Horsea	295	30	40	70	70	25	60	1	f
127	117	Seadra	440	55	65	95	95	45	85	1	f
128	118	Goldeen	320	45	67	60	35	50	63	1	f
129	119	Seaking	450	80	92	65	65	80	68	1	f
130	120	Staryu	340	30	45	55	70	55	85	1	f
131	121	Starmie	520	60	75	85	100	85	115	1	f
132	122	Mr. Mime	460	40	45	65	100	120	90	1	f
133	123	Scyther	500	70	110	80	55	80	105	1	f
134	124	Jynx	455	65	50	35	115	95	95	1	f
135	125	Electabuzz	490	65	83	57	95	85	105	1	f
136	126	Magmar	495	65	95	57	100	85	93	1	f
137	127	Pinsir	500	65	125	100	55	70	85	1	f
138	127	PinsirMega Pinsir	600	65	155	120	65	90	105	1	f
139	128	Tauros	490	75	100	95	40	70	110	1	f
140	129	Magikarp	200	20	10	55	15	20	80	1	f
141	130	Gyarados	540	95	125	79	60	100	81	1	f
142	130	GyaradosMega Gyarados	640	95	155	109	70	130	81	1	f
143	131	Lapras	535	130	85	80	85	95	60	1	f
144	132	Ditto	288	48	48	48	48	48	48	1	f
145	133	Eevee	325	55	55	50	45	65	55	1	f
146	134	Vaporeon	525	130	65	60	110	95	65	1	f
147	135	Jolteon	525	65	65	60	110	95	130	1	f
148	136	Flareon	525	65	130	60	95	110	65	1	f
149	137	Porygon	395	65	60	70	85	75	40	1	f
150	138	Omanyte	355	35	40	100	90	55	35	1	f
151	139	Omastar	495	70	60	125	115	70	55	1	f
152	140	Kabuto	355	30	80	90	55	45	55	1	f
153	141	Kabutops	495	60	115	105	65	70	80	1	f
154	142	Aerodactyl	515	80	105	65	60	75	130	1	f
155	142	AerodactylMega Aerodactyl	615	80	135	85	70	95	150	1	f
156	143	Snorlax	540	160	110	65	65	110	30	1	f
157	144	Articuno	580	90	85	100	95	125	85	1	t
158	145	Zapdos	580	90	90	85	125	90	100	1	t
159	146	Moltres	580	90	100	90	125	85	90	1	t
160	147	Dratini	300	41	64	45	50	50	50	1	f
161	148	Dragonair	420	61	84	65	70	70	70	1	f
162	149	Dragonite	600	91	134	95	100	100	80	1	f
163	150	Mewtwo	680	106	110	90	154	90	130	1	t
164	150	MewtwoMega Mewtwo X	780	106	190	100	154	100	130	1	t
165	150	MewtwoMega Mewtwo Y	780	106	150	70	194	120	140	1	t
166	151	Mew	600	100	100	100	100	100	100	1	f
167	152	Chikorita	318	45	49	65	49	65	45	2	f
168	153	Bayleef	405	60	62	80	63	80	60	2	f
169	154	Meganium	525	80	82	100	83	100	80	2	f
170	155	Cyndaquil	309	39	52	43	60	50	65	2	f
171	156	Quilava	405	58	64	58	80	65	80	2	f
172	157	Typhlosion	534	78	84	78	109	85	100	2	f
173	158	Totodile	314	50	65	64	44	48	43	2	f
174	159	Croconaw	405	65	80	80	59	63	58	2	f
175	160	Feraligatr	530	85	105	100	79	83	78	2	f
176	161	Sentret	215	35	46	34	35	45	20	2	f
177	162	Furret	415	85	76	64	45	55	90	2	f
178	163	Hoothoot	262	60	30	30	36	56	50	2	f
179	164	Noctowl	442	100	50	50	76	96	70	2	f
180	165	Ledyba	265	40	20	30	40	80	55	2	f
181	166	Ledian	390	55	35	50	55	110	85	2	f
182	167	Spinarak	250	40	60	40	40	40	30	2	f
183	168	Ariados	390	70	90	70	60	60	40	2	f
184	169	Crobat	535	85	90	80	70	80	130	2	f
185	170	Chinchou	330	75	38	38	56	56	67	2	f
186	171	Lanturn	460	125	58	58	76	76	67	2	f
187	172	Pichu	205	20	40	15	35	35	60	2	f
188	173	Cleffa	218	50	25	28	45	55	15	2	f
189	174	Igglybuff	210	90	30	15	40	20	15	2	f
190	175	Togepi	245	35	20	65	40	65	20	2	f
191	176	Togetic	405	55	40	85	80	105	40	2	f
192	177	Natu	320	40	50	45	70	45	70	2	f
193	178	Xatu	470	65	75	70	95	70	95	2	f
194	179	Mareep	280	55	40	40	65	45	35	2	f
195	180	Flaaffy	365	70	55	55	80	60	45	2	f
196	181	Ampharos	510	90	75	85	115	90	55	2	f
197	181	AmpharosMega Ampharos	610	90	95	105	165	110	45	2	f
198	182	Bellossom	490	75	80	95	90	100	50	2	f
199	183	Marill	250	70	20	50	20	50	40	2	f
200	184	Azumarill	420	100	50	80	60	80	50	2	f
201	185	Sudowoodo	410	70	100	115	30	65	30	2	f
202	186	Politoed	500	90	75	75	90	100	70	2	f
203	187	Hoppip	250	35	35	40	35	55	50	2	f
204	188	Skiploom	340	55	45	50	45	65	80	2	f
205	189	Jumpluff	460	75	55	70	55	95	110	2	f
206	190	Aipom	360	55	70	55	40	55	85	2	f
207	191	Sunkern	180	30	30	30	30	30	30	2	f
208	192	Sunflora	425	75	75	55	105	85	30	2	f
209	193	Yanma	390	65	65	45	75	45	95	2	f
210	194	Wooper	210	55	45	45	25	25	15	2	f
211	195	Quagsire	430	95	85	85	65	65	35	2	f
212	196	Espeon	525	65	65	60	130	95	110	2	f
213	197	Umbreon	525	95	65	110	60	130	65	2	f
214	198	Murkrow	405	60	85	42	85	42	91	2	f
215	199	Slowking	490	95	75	80	100	110	30	2	f
216	200	Misdreavus	435	60	60	60	85	85	85	2	f
217	201	Unown	336	48	72	48	72	48	48	2	f
218	202	Wobbuffet	405	190	33	58	33	58	33	2	f
219	203	Girafarig	455	70	80	65	90	65	85	2	f
220	204	Pineco	290	50	65	90	35	35	15	2	f
221	205	Forretress	465	75	90	140	60	60	40	2	f
222	206	Dunsparce	415	100	70	70	65	65	45	2	f
223	207	Gligar	430	65	75	105	35	65	85	2	f
224	208	Steelix	510	75	85	200	55	65	30	2	f
225	208	SteelixMega Steelix	610	75	125	230	55	95	30	2	f
226	209	Snubbull	300	60	80	50	40	40	30	2	f
227	210	Granbull	450	90	120	75	60	60	45	2	f
228	211	Qwilfish	430	65	95	75	55	55	85	2	f
229	212	Scizor	500	70	130	100	55	80	65	2	f
230	212	ScizorMega Scizor	600	70	150	140	65	100	75	2	f
231	213	Shuckle	505	20	10	230	10	230	5	2	f
232	214	Heracross	500	80	125	75	40	95	85	2	f
233	214	HeracrossMega Heracross	600	80	185	115	40	105	75	2	f
234	215	Sneasel	430	55	95	55	35	75	115	2	f
235	216	Teddiursa	330	60	80	50	50	50	40	2	f
236	217	Ursaring	500	90	130	75	75	75	55	2	f
237	218	Slugma	250	40	40	40	70	40	20	2	f
238	219	Magcargo	410	50	50	120	80	80	30	2	f
239	220	Swinub	250	50	50	40	30	30	50	2	f
240	221	Piloswine	450	100	100	80	60	60	50	2	f
241	222	Corsola	380	55	55	85	65	85	35	2	f
242	223	Remoraid	300	35	65	35	65	35	65	2	f
243	224	Octillery	480	75	105	75	105	75	45	2	f
244	225	Delibird	330	45	55	45	65	45	75	2	f
245	226	Mantine	465	65	40	70	80	140	70	2	f
246	227	Skarmory	465	65	80	140	40	70	70	2	f
247	228	Houndour	330	45	60	30	80	50	65	2	f
248	229	Houndoom	500	75	90	50	110	80	95	2	f
249	229	HoundoomMega Houndoom	600	75	90	90	140	90	115	2	f
250	230	Kingdra	540	75	95	95	95	95	85	2	f
251	231	Phanpy	330	90	60	60	40	40	40	2	f
252	232	Donphan	500	90	120	120	60	60	50	2	f
253	233	Porygon2	515	85	80	90	105	95	60	2	f
254	234	Stantler	465	73	95	62	85	65	85	2	f
255	235	Smeargle	250	55	20	35	20	45	75	2	f
256	236	Tyrogue	210	35	35	35	35	35	35	2	f
257	237	Hitmontop	455	50	95	95	35	110	70	2	f
258	238	Smoochum	305	45	30	15	85	65	65	2	f
259	239	Elekid	360	45	63	37	65	55	95	2	f
260	240	Magby	365	45	75	37	70	55	83	2	f
261	241	Miltank	490	95	80	105	40	70	100	2	f
262	242	Blissey	540	255	10	10	75	135	55	2	f
263	243	Raikou	580	90	85	75	115	100	115	2	t
264	244	Entei	580	115	115	85	90	75	100	2	t
265	245	Suicune	580	100	75	115	90	115	85	2	t
266	246	Larvitar	300	50	64	50	45	50	41	2	f
267	247	Pupitar	410	70	84	70	65	70	51	2	f
268	248	Tyranitar	600	100	134	110	95	100	61	2	f
269	248	TyranitarMega Tyranitar	700	100	164	150	95	120	71	2	f
270	249	Lugia	680	106	90	130	90	154	110	2	t
271	250	Ho-oh	680	106	130	90	110	154	90	2	t
272	251	Celebi	600	100	100	100	100	100	100	2	f
273	252	Treecko	310	40	45	35	65	55	70	3	f
274	253	Grovyle	405	50	65	45	85	65	95	3	f
275	254	Sceptile	530	70	85	65	105	85	120	3	f
276	254	SceptileMega Sceptile	630	70	110	75	145	85	145	3	f
277	255	Torchic	310	45	60	40	70	50	45	3	f
278	256	Combusken	405	60	85	60	85	60	55	3	f
279	257	Blaziken	530	80	120	70	110	70	80	3	f
280	257	BlazikenMega Blaziken	630	80	160	80	130	80	100	3	f
281	258	Mudkip	310	50	70	50	50	50	40	3	f
282	259	Marshtomp	405	70	85	70	60	70	50	3	f
283	260	Swampert	535	100	110	90	85	90	60	3	f
284	260	SwampertMega Swampert	635	100	150	110	95	110	70	3	f
285	261	Poochyena	220	35	55	35	30	30	35	3	f
286	262	Mightyena	420	70	90	70	60	60	70	3	f
287	263	Zigzagoon	240	38	30	41	30	41	60	3	f
288	264	Linoone	420	78	70	61	50	61	100	3	f
289	265	Wurmple	195	45	45	35	20	30	20	3	f
290	266	Silcoon	205	50	35	55	25	25	15	3	f
291	267	Beautifly	395	60	70	50	100	50	65	3	f
292	268	Cascoon	205	50	35	55	25	25	15	3	f
293	269	Dustox	385	60	50	70	50	90	65	3	f
294	270	Lotad	220	40	30	30	40	50	30	3	f
295	271	Lombre	340	60	50	50	60	70	50	3	f
296	272	Ludicolo	480	80	70	70	90	100	70	3	f
297	273	Seedot	220	40	40	50	30	30	30	3	f
298	274	Nuzleaf	340	70	70	40	60	40	60	3	f
299	275	Shiftry	480	90	100	60	90	60	80	3	f
300	276	Taillow	270	40	55	30	30	30	85	3	f
301	277	Swellow	430	60	85	60	50	50	125	3	f
302	278	Wingull	270	40	30	30	55	30	85	3	f
303	279	Pelipper	430	60	50	100	85	70	65	3	f
304	280	Ralts	198	28	25	25	45	35	40	3	f
305	281	Kirlia	278	38	35	35	65	55	50	3	f
306	282	Gardevoir	518	68	65	65	125	115	80	3	f
307	282	GardevoirMega Gardevoir	618	68	85	65	165	135	100	3	f
308	283	Surskit	269	40	30	32	50	52	65	3	f
309	284	Masquerain	414	70	60	62	80	82	60	3	f
310	285	Shroomish	295	60	40	60	40	60	35	3	f
311	286	Breloom	460	60	130	80	60	60	70	3	f
312	287	Slakoth	280	60	60	60	35	35	30	3	f
313	288	Vigoroth	440	80	80	80	55	55	90	3	f
314	289	Slaking	670	150	160	100	95	65	100	3	f
315	290	Nincada	266	31	45	90	30	30	40	3	f
316	291	Ninjask	456	61	90	45	50	50	160	3	f
317	292	Shedinja	236	1	90	45	30	30	40	3	f
318	293	Whismur	240	64	51	23	51	23	28	3	f
319	294	Loudred	360	84	71	43	71	43	48	3	f
320	295	Exploud	490	104	91	63	91	73	68	3	f
321	296	Makuhita	237	72	60	30	20	30	25	3	f
322	297	Hariyama	474	144	120	60	40	60	50	3	f
323	298	Azurill	190	50	20	40	20	40	20	3	f
324	299	Nosepass	375	30	45	135	45	90	30	3	f
325	300	Skitty	260	50	45	45	35	35	50	3	f
326	301	Delcatty	380	70	65	65	55	55	70	3	f
327	302	Sableye	380	50	75	75	65	65	50	3	f
328	302	SableyeMega Sableye	480	50	85	125	85	115	20	3	f
329	303	Mawile	380	50	85	85	55	55	50	3	f
330	303	MawileMega Mawile	480	50	105	125	55	95	50	3	f
331	304	Aron	330	50	70	100	40	40	30	3	f
332	305	Lairon	430	60	90	140	50	50	40	3	f
333	306	Aggron	530	70	110	180	60	60	50	3	f
334	306	AggronMega Aggron	630	70	140	230	60	80	50	3	f
335	307	Meditite	280	30	40	55	40	55	60	3	f
336	308	Medicham	410	60	60	75	60	75	80	3	f
337	308	MedichamMega Medicham	510	60	100	85	80	85	100	3	f
338	309	Electrike	295	40	45	40	65	40	65	3	f
339	310	Manectric	475	70	75	60	105	60	105	3	f
340	310	ManectricMega Manectric	575	70	75	80	135	80	135	3	f
341	311	Plusle	405	60	50	40	85	75	95	3	f
342	312	Minun	405	60	40	50	75	85	95	3	f
343	313	Volbeat	400	65	73	55	47	75	85	3	f
344	314	Illumise	400	65	47	55	73	75	85	3	f
345	315	Roselia	400	50	60	45	100	80	65	3	f
346	316	Gulpin	302	70	43	53	43	53	40	3	f
347	317	Swalot	467	100	73	83	73	83	55	3	f
348	318	Carvanha	305	45	90	20	65	20	65	3	f
349	319	Sharpedo	460	70	120	40	95	40	95	3	f
350	319	SharpedoMega Sharpedo	560	70	140	70	110	65	105	3	f
351	320	Wailmer	400	130	70	35	70	35	60	3	f
352	321	Wailord	500	170	90	45	90	45	60	3	f
353	322	Numel	305	60	60	40	65	45	35	3	f
354	323	Camerupt	460	70	100	70	105	75	40	3	f
355	323	CameruptMega Camerupt	560	70	120	100	145	105	20	3	f
356	324	Torkoal	470	70	85	140	85	70	20	3	f
357	325	Spoink	330	60	25	35	70	80	60	3	f
358	326	Grumpig	470	80	45	65	90	110	80	3	f
359	327	Spinda	360	60	60	60	60	60	60	3	f
360	328	Trapinch	290	45	100	45	45	45	10	3	f
361	329	Vibrava	340	50	70	50	50	50	70	3	f
362	330	Flygon	520	80	100	80	80	80	100	3	f
363	331	Cacnea	335	50	85	40	85	40	35	3	f
364	332	Cacturne	475	70	115	60	115	60	55	3	f
365	333	Swablu	310	45	40	60	40	75	50	3	f
366	334	Altaria	490	75	70	90	70	105	80	3	f
367	334	AltariaMega Altaria	590	75	110	110	110	105	80	3	f
368	335	Zangoose	458	73	115	60	60	60	90	3	f
369	336	Seviper	458	73	100	60	100	60	65	3	f
370	337	Lunatone	440	70	55	65	95	85	70	3	f
371	338	Solrock	440	70	95	85	55	65	70	3	f
372	339	Barboach	288	50	48	43	46	41	60	3	f
373	340	Whiscash	468	110	78	73	76	71	60	3	f
374	341	Corphish	308	43	80	65	50	35	35	3	f
375	342	Crawdaunt	468	63	120	85	90	55	55	3	f
376	343	Baltoy	300	40	40	55	40	70	55	3	f
377	344	Claydol	500	60	70	105	70	120	75	3	f
378	345	Lileep	355	66	41	77	61	87	23	3	f
379	346	Cradily	495	86	81	97	81	107	43	3	f
380	347	Anorith	355	45	95	50	40	50	75	3	f
381	348	Armaldo	495	75	125	100	70	80	45	3	f
382	349	Feebas	200	20	15	20	10	55	80	3	f
383	350	Milotic	540	95	60	79	100	125	81	3	f
384	351	Castform	420	70	70	70	70	70	70	3	f
385	352	Kecleon	440	60	90	70	60	120	40	3	f
386	353	Shuppet	295	44	75	35	63	33	45	3	f
387	354	Banette	455	64	115	65	83	63	65	3	f
388	354	BanetteMega Banette	555	64	165	75	93	83	75	3	f
389	355	Duskull	295	20	40	90	30	90	25	3	f
390	356	Dusclops	455	40	70	130	60	130	25	3	f
391	357	Tropius	460	99	68	83	72	87	51	3	f
392	358	Chimecho	425	65	50	70	95	80	65	3	f
393	359	Absol	465	65	130	60	75	60	75	3	f
394	359	AbsolMega Absol	565	65	150	60	115	60	115	3	f
395	360	Wynaut	260	95	23	48	23	48	23	3	f
396	361	Snorunt	300	50	50	50	50	50	50	3	f
397	362	Glalie	480	80	80	80	80	80	80	3	f
398	362	GlalieMega Glalie	580	80	120	80	120	80	100	3	f
399	363	Spheal	290	70	40	50	55	50	25	3	f
400	364	Sealeo	410	90	60	70	75	70	45	3	f
401	365	Walrein	530	110	80	90	95	90	65	3	f
402	366	Clamperl	345	35	64	85	74	55	32	3	f
403	367	Huntail	485	55	104	105	94	75	52	3	f
404	368	Gorebyss	485	55	84	105	114	75	52	3	f
405	369	Relicanth	485	100	90	130	45	65	55	3	f
406	370	Luvdisc	330	43	30	55	40	65	97	3	f
407	371	Bagon	300	45	75	60	40	30	50	3	f
408	372	Shelgon	420	65	95	100	60	50	50	3	f
409	373	Salamence	600	95	135	80	110	80	100	3	f
410	373	SalamenceMega Salamence	700	95	145	130	120	90	120	3	f
411	374	Beldum	300	40	55	80	35	60	30	3	f
412	375	Metang	420	60	75	100	55	80	50	3	f
413	376	Metagross	600	80	135	130	95	90	70	3	f
414	376	MetagrossMega Metagross	700	80	145	150	105	110	110	3	f
415	377	Regirock	580	80	100	200	50	100	50	3	t
416	378	Regice	580	80	50	100	100	200	50	3	t
417	379	Registeel	580	80	75	150	75	150	50	3	t
418	380	Latias	600	80	80	90	110	130	110	3	t
419	380	LatiasMega Latias	700	80	100	120	140	150	110	3	t
420	381	Latios	600	80	90	80	130	110	110	3	t
421	381	LatiosMega Latios	700	80	130	100	160	120	110	3	t
422	382	Kyogre	670	100	100	90	150	140	90	3	t
423	382	KyogrePrimal Kyogre	770	100	150	90	180	160	90	3	t
424	383	Groudon	670	100	150	140	100	90	90	3	t
425	383	GroudonPrimal Groudon	770	100	180	160	150	90	90	3	t
426	384	Rayquaza	680	105	150	90	150	90	95	3	t
427	384	RayquazaMega Rayquaza	780	105	180	100	180	100	115	3	t
428	385	Jirachi	600	100	100	100	100	100	100	3	t
429	386	DeoxysNormal Forme	600	50	150	50	150	50	150	3	t
430	386	DeoxysAttack Forme	600	50	180	20	180	20	150	3	t
431	386	DeoxysDefense Forme	600	50	70	160	70	160	90	3	t
432	386	DeoxysSpeed Forme	600	50	95	90	95	90	180	3	t
433	387	Turtwig	318	55	68	64	45	55	31	4	f
434	388	Grotle	405	75	89	85	55	65	36	4	f
435	389	Torterra	525	95	109	105	75	85	56	4	f
436	390	Chimchar	309	44	58	44	58	44	61	4	f
437	391	Monferno	405	64	78	52	78	52	81	4	f
438	392	Infernape	534	76	104	71	104	71	108	4	f
439	393	Piplup	314	53	51	53	61	56	40	4	f
440	394	Prinplup	405	64	66	68	81	76	50	4	f
441	395	Empoleon	530	84	86	88	111	101	60	4	f
442	396	Starly	245	40	55	30	30	30	60	4	f
443	397	Staravia	340	55	75	50	40	40	80	4	f
444	398	Staraptor	485	85	120	70	50	60	100	4	f
445	399	Bidoof	250	59	45	40	35	40	31	4	f
446	400	Bibarel	410	79	85	60	55	60	71	4	f
447	401	Kricketot	194	37	25	41	25	41	25	4	f
448	402	Kricketune	384	77	85	51	55	51	65	4	f
449	403	Shinx	263	45	65	34	40	34	45	4	f
450	404	Luxio	363	60	85	49	60	49	60	4	f
451	405	Luxray	523	80	120	79	95	79	70	4	f
452	406	Budew	280	40	30	35	50	70	55	4	f
453	407	Roserade	515	60	70	65	125	105	90	4	f
454	408	Cranidos	350	67	125	40	30	30	58	4	f
455	409	Rampardos	495	97	165	60	65	50	58	4	f
456	410	Shieldon	350	30	42	118	42	88	30	4	f
457	411	Bastiodon	495	60	52	168	47	138	30	4	f
458	412	Burmy	224	40	29	45	29	45	36	4	f
459	413	WormadamPlant Cloak	424	60	59	85	79	105	36	4	f
460	413	WormadamSandy Cloak	424	60	79	105	59	85	36	4	f
461	413	WormadamTrash Cloak	424	60	69	95	69	95	36	4	f
462	414	Mothim	424	70	94	50	94	50	66	4	f
463	415	Combee	244	30	30	42	30	42	70	4	f
464	416	Vespiquen	474	70	80	102	80	102	40	4	f
465	417	Pachirisu	405	60	45	70	45	90	95	4	f
466	418	Buizel	330	55	65	35	60	30	85	4	f
467	419	Floatzel	495	85	105	55	85	50	115	4	f
468	420	Cherubi	275	45	35	45	62	53	35	4	f
469	421	Cherrim	450	70	60	70	87	78	85	4	f
470	422	Shellos	325	76	48	48	57	62	34	4	f
471	423	Gastrodon	475	111	83	68	92	82	39	4	f
472	424	Ambipom	482	75	100	66	60	66	115	4	f
473	425	Drifloon	348	90	50	34	60	44	70	4	f
474	426	Drifblim	498	150	80	44	90	54	80	4	f
475	427	Buneary	350	55	66	44	44	56	85	4	f
476	428	Lopunny	480	65	76	84	54	96	105	4	f
477	428	LopunnyMega Lopunny	580	65	136	94	54	96	135	4	f
478	429	Mismagius	495	60	60	60	105	105	105	4	f
479	430	Honchkrow	505	100	125	52	105	52	71	4	f
480	431	Glameow	310	49	55	42	42	37	85	4	f
481	432	Purugly	452	71	82	64	64	59	112	4	f
482	433	Chingling	285	45	30	50	65	50	45	4	f
483	434	Stunky	329	63	63	47	41	41	74	4	f
484	435	Skuntank	479	103	93	67	71	61	84	4	f
485	436	Bronzor	300	57	24	86	24	86	23	4	f
486	437	Bronzong	500	67	89	116	79	116	33	4	f
487	438	Bonsly	290	50	80	95	10	45	10	4	f
488	439	Mime Jr.	310	20	25	45	70	90	60	4	f
489	440	Happiny	220	100	5	5	15	65	30	4	f
490	441	Chatot	411	76	65	45	92	42	91	4	f
491	442	Spiritomb	485	50	92	108	92	108	35	4	f
492	443	Gible	300	58	70	45	40	45	42	4	f
493	444	Gabite	410	68	90	65	50	55	82	4	f
494	445	Garchomp	600	108	130	95	80	85	102	4	f
495	445	GarchompMega Garchomp	700	108	170	115	120	95	92	4	f
496	446	Munchlax	390	135	85	40	40	85	5	4	f
497	447	Riolu	285	40	70	40	35	40	60	4	f
498	448	Lucario	525	70	110	70	115	70	90	4	f
499	448	LucarioMega Lucario	625	70	145	88	140	70	112	4	f
500	449	Hippopotas	330	68	72	78	38	42	32	4	f
501	450	Hippowdon	525	108	112	118	68	72	47	4	f
502	451	Skorupi	330	40	50	90	30	55	65	4	f
503	452	Drapion	500	70	90	110	60	75	95	4	f
504	453	Croagunk	300	48	61	40	61	40	50	4	f
505	454	Toxicroak	490	83	106	65	86	65	85	4	f
506	455	Carnivine	454	74	100	72	90	72	46	4	f
507	456	Finneon	330	49	49	56	49	61	66	4	f
508	457	Lumineon	460	69	69	76	69	86	91	4	f
509	458	Mantyke	345	45	20	50	60	120	50	4	f
510	459	Snover	334	60	62	50	62	60	40	4	f
511	460	Abomasnow	494	90	92	75	92	85	60	4	f
512	460	AbomasnowMega Abomasnow	594	90	132	105	132	105	30	4	f
513	461	Weavile	510	70	120	65	45	85	125	4	f
514	462	Magnezone	535	70	70	115	130	90	60	4	f
515	463	Lickilicky	515	110	85	95	80	95	50	4	f
516	464	Rhyperior	535	115	140	130	55	55	40	4	f
517	465	Tangrowth	535	100	100	125	110	50	50	4	f
518	466	Electivire	540	75	123	67	95	85	95	4	f
519	467	Magmortar	540	75	95	67	125	95	83	4	f
520	468	Togekiss	545	85	50	95	120	115	80	4	f
521	469	Yanmega	515	86	76	86	116	56	95	4	f
522	470	Leafeon	525	65	110	130	60	65	95	4	f
523	471	Glaceon	525	65	60	110	130	95	65	4	f
524	472	Gliscor	510	75	95	125	45	75	95	4	f
525	473	Mamoswine	530	110	130	80	70	60	80	4	f
526	474	Porygon-Z	535	85	80	70	135	75	90	4	f
527	475	Gallade	518	68	125	65	65	115	80	4	f
528	475	GalladeMega Gallade	618	68	165	95	65	115	110	4	f
529	476	Probopass	525	60	55	145	75	150	40	4	f
530	477	Dusknoir	525	45	100	135	65	135	45	4	f
531	478	Froslass	480	70	80	70	80	70	110	4	f
532	479	Rotom	440	50	50	77	95	77	91	4	f
533	479	RotomHeat Rotom	520	50	65	107	105	107	86	4	f
534	479	RotomWash Rotom	520	50	65	107	105	107	86	4	f
535	479	RotomFrost Rotom	520	50	65	107	105	107	86	4	f
536	479	RotomFan Rotom	520	50	65	107	105	107	86	4	f
537	479	RotomMow Rotom	520	50	65	107	105	107	86	4	f
538	480	Uxie	580	75	75	130	75	130	95	4	t
539	481	Mesprit	580	80	105	105	105	105	80	4	t
540	482	Azelf	580	75	125	70	125	70	115	4	t
541	483	Dialga	680	100	120	120	150	100	90	4	t
542	484	Palkia	680	90	120	100	150	120	100	4	t
543	485	Heatran	600	91	90	106	130	106	77	4	t
544	486	Regigigas	670	110	160	110	80	110	100	4	t
545	487	GiratinaAltered Forme	680	150	100	120	100	120	90	4	t
546	487	GiratinaOrigin Forme	680	150	120	100	120	100	90	4	t
547	488	Cresselia	600	120	70	120	75	130	85	4	f
548	489	Phione	480	80	80	80	80	80	80	4	f
549	490	Manaphy	600	100	100	100	100	100	100	4	f
550	491	Darkrai	600	70	90	90	135	90	125	4	t
551	492	ShayminLand Forme	600	100	100	100	100	100	100	4	t
552	492	ShayminSky Forme	600	100	103	75	120	75	127	4	t
553	493	Arceus	720	120	120	120	120	120	120	4	t
554	494	Victini	600	100	100	100	100	100	100	5	t
555	495	Snivy	308	45	45	55	45	55	63	5	f
556	496	Servine	413	60	60	75	60	75	83	5	f
557	497	Serperior	528	75	75	95	75	95	113	5	f
558	498	Tepig	308	65	63	45	45	45	45	5	f
559	499	Pignite	418	90	93	55	70	55	55	5	f
560	500	Emboar	528	110	123	65	100	65	65	5	f
561	501	Oshawott	308	55	55	45	63	45	45	5	f
562	502	Dewott	413	75	75	60	83	60	60	5	f
563	503	Samurott	528	95	100	85	108	70	70	5	f
564	504	Patrat	255	45	55	39	35	39	42	5	f
565	505	Watchog	420	60	85	69	60	69	77	5	f
566	506	Lillipup	275	45	60	45	25	45	55	5	f
567	507	Herdier	370	65	80	65	35	65	60	5	f
568	508	Stoutland	500	85	110	90	45	90	80	5	f
569	509	Purrloin	281	41	50	37	50	37	66	5	f
570	510	Liepard	446	64	88	50	88	50	106	5	f
571	511	Pansage	316	50	53	48	53	48	64	5	f
572	512	Simisage	498	75	98	63	98	63	101	5	f
573	513	Pansear	316	50	53	48	53	48	64	5	f
574	514	Simisear	498	75	98	63	98	63	101	5	f
575	515	Panpour	316	50	53	48	53	48	64	5	f
576	516	Simipour	498	75	98	63	98	63	101	5	f
577	517	Munna	292	76	25	45	67	55	24	5	f
578	518	Musharna	487	116	55	85	107	95	29	5	f
579	519	Pidove	264	50	55	50	36	30	43	5	f
580	520	Tranquill	358	62	77	62	50	42	65	5	f
581	521	Unfezant	488	80	115	80	65	55	93	5	f
582	522	Blitzle	295	45	60	32	50	32	76	5	f
583	523	Zebstrika	497	75	100	63	80	63	116	5	f
584	524	Roggenrola	280	55	75	85	25	25	15	5	f
585	525	Boldore	390	70	105	105	50	40	20	5	f
586	526	Gigalith	515	85	135	130	60	80	25	5	f
587	527	Woobat	313	55	45	43	55	43	72	5	f
588	528	Swoobat	425	67	57	55	77	55	114	5	f
589	529	Drilbur	328	60	85	40	30	45	68	5	f
590	530	Excadrill	508	110	135	60	50	65	88	5	f
591	531	Audino	445	103	60	86	60	86	50	5	f
592	531	AudinoMega Audino	545	103	60	126	80	126	50	5	f
593	532	Timburr	305	75	80	55	25	35	35	5	f
594	533	Gurdurr	405	85	105	85	40	50	40	5	f
595	534	Conkeldurr	505	105	140	95	55	65	45	5	f
596	535	Tympole	294	50	50	40	50	40	64	5	f
597	536	Palpitoad	384	75	65	55	65	55	69	5	f
598	537	Seismitoad	509	105	95	75	85	75	74	5	f
599	538	Throh	465	120	100	85	30	85	45	5	f
600	539	Sawk	465	75	125	75	30	75	85	5	f
601	540	Sewaddle	310	45	53	70	40	60	42	5	f
602	541	Swadloon	380	55	63	90	50	80	42	5	f
603	542	Leavanny	500	75	103	80	70	80	92	5	f
604	543	Venipede	260	30	45	59	30	39	57	5	f
605	544	Whirlipede	360	40	55	99	40	79	47	5	f
606	545	Scolipede	485	60	100	89	55	69	112	5	f
607	546	Cottonee	280	40	27	60	37	50	66	5	f
608	547	Whimsicott	480	60	67	85	77	75	116	5	f
609	548	Petilil	280	45	35	50	70	50	30	5	f
610	549	Lilligant	480	70	60	75	110	75	90	5	f
611	550	Basculin	460	70	92	65	80	55	98	5	f
612	551	Sandile	292	50	72	35	35	35	65	5	f
613	552	Krokorok	351	60	82	45	45	45	74	5	f
614	553	Krookodile	519	95	117	80	65	70	92	5	f
615	554	Darumaka	315	70	90	45	15	45	50	5	f
616	555	DarmanitanStandard Mode	480	105	140	55	30	55	95	5	f
617	555	DarmanitanZen Mode	540	105	30	105	140	105	55	5	f
618	556	Maractus	461	75	86	67	106	67	60	5	f
619	557	Dwebble	325	50	65	85	35	35	55	5	f
620	558	Crustle	475	70	95	125	65	75	45	5	f
621	559	Scraggy	348	50	75	70	35	70	48	5	f
622	560	Scrafty	488	65	90	115	45	115	58	5	f
623	561	Sigilyph	490	72	58	80	103	80	97	5	f
624	562	Yamask	303	38	30	85	55	65	30	5	f
625	563	Cofagrigus	483	58	50	145	95	105	30	5	f
626	564	Tirtouga	355	54	78	103	53	45	22	5	f
627	565	Carracosta	495	74	108	133	83	65	32	5	f
628	566	Archen	401	55	112	45	74	45	70	5	f
629	567	Archeops	567	75	140	65	112	65	110	5	f
630	568	Trubbish	329	50	50	62	40	62	65	5	f
631	569	Garbodor	474	80	95	82	60	82	75	5	f
632	570	Zorua	330	40	65	40	80	40	65	5	f
633	571	Zoroark	510	60	105	60	120	60	105	5	f
634	572	Minccino	300	55	50	40	40	40	75	5	f
635	573	Cinccino	470	75	95	60	65	60	115	5	f
636	574	Gothita	290	45	30	50	55	65	45	5	f
637	575	Gothorita	390	60	45	70	75	85	55	5	f
638	576	Gothitelle	490	70	55	95	95	110	65	5	f
639	577	Solosis	290	45	30	40	105	50	20	5	f
640	578	Duosion	370	65	40	50	125	60	30	5	f
641	579	Reuniclus	490	110	65	75	125	85	30	5	f
642	580	Ducklett	305	62	44	50	44	50	55	5	f
643	581	Swanna	473	75	87	63	87	63	98	5	f
644	582	Vanillite	305	36	50	50	65	60	44	5	f
645	583	Vanillish	395	51	65	65	80	75	59	5	f
646	584	Vanilluxe	535	71	95	85	110	95	79	5	f
647	585	Deerling	335	60	60	50	40	50	75	5	f
648	586	Sawsbuck	475	80	100	70	60	70	95	5	f
649	587	Emolga	428	55	75	60	75	60	103	5	f
650	588	Karrablast	315	50	75	45	40	45	60	5	f
651	589	Escavalier	495	70	135	105	60	105	20	5	f
652	590	Foongus	294	69	55	45	55	55	15	5	f
653	591	Amoonguss	464	114	85	70	85	80	30	5	f
654	592	Frillish	335	55	40	50	65	85	40	5	f
655	593	Jellicent	480	100	60	70	85	105	60	5	f
656	594	Alomomola	470	165	75	80	40	45	65	5	f
657	595	Joltik	319	50	47	50	57	50	65	5	f
658	596	Galvantula	472	70	77	60	97	60	108	5	f
659	597	Ferroseed	305	44	50	91	24	86	10	5	f
660	598	Ferrothorn	489	74	94	131	54	116	20	5	f
661	599	Klink	300	40	55	70	45	60	30	5	f
662	600	Klang	440	60	80	95	70	85	50	5	f
663	601	Klinklang	520	60	100	115	70	85	90	5	f
664	602	Tynamo	275	35	55	40	45	40	60	5	f
665	603	Eelektrik	405	65	85	70	75	70	40	5	f
666	604	Eelektross	515	85	115	80	105	80	50	5	f
667	605	Elgyem	335	55	55	55	85	55	30	5	f
668	606	Beheeyem	485	75	75	75	125	95	40	5	f
669	607	Litwick	275	50	30	55	65	55	20	5	f
670	608	Lampent	370	60	40	60	95	60	55	5	f
671	609	Chandelure	520	60	55	90	145	90	80	5	f
672	610	Axew	320	46	87	60	30	40	57	5	f
673	611	Fraxure	410	66	117	70	40	50	67	5	f
674	612	Haxorus	540	76	147	90	60	70	97	5	f
675	613	Cubchoo	305	55	70	40	60	40	40	5	f
676	614	Beartic	485	95	110	80	70	80	50	5	f
677	615	Cryogonal	485	70	50	30	95	135	105	5	f
678	616	Shelmet	305	50	40	85	40	65	25	5	f
679	617	Accelgor	495	80	70	40	100	60	145	5	f
680	618	Stunfisk	471	109	66	84	81	99	32	5	f
681	619	Mienfoo	350	45	85	50	55	50	65	5	f
682	620	Mienshao	510	65	125	60	95	60	105	5	f
683	621	Druddigon	485	77	120	90	60	90	48	5	f
684	622	Golett	303	59	74	50	35	50	35	5	f
685	623	Golurk	483	89	124	80	55	80	55	5	f
686	624	Pawniard	340	45	85	70	40	40	60	5	f
687	625	Bisharp	490	65	125	100	60	70	70	5	f
688	626	Bouffalant	490	95	110	95	40	95	55	5	f
689	627	Rufflet	350	70	83	50	37	50	60	5	f
690	628	Braviary	510	100	123	75	57	75	80	5	f
691	629	Vullaby	370	70	55	75	45	65	60	5	f
692	630	Mandibuzz	510	110	65	105	55	95	80	5	f
693	631	Heatmor	484	85	97	66	105	66	65	5	f
694	632	Durant	484	58	109	112	48	48	109	5	f
695	633	Deino	300	52	65	50	45	50	38	5	f
696	634	Zweilous	420	72	85	70	65	70	58	5	f
697	635	Hydreigon	600	92	105	90	125	90	98	5	f
698	636	Larvesta	360	55	85	55	50	55	60	5	f
699	637	Volcarona	550	85	60	65	135	105	100	5	f
700	638	Cobalion	580	91	90	129	90	72	108	5	t
701	639	Terrakion	580	91	129	90	72	90	108	5	t
702	640	Virizion	580	91	90	72	90	129	108	5	t
703	641	TornadusIncarnate Forme	580	79	115	70	125	80	111	5	t
704	641	TornadusTherian Forme	580	79	100	80	110	90	121	5	t
705	642	ThundurusIncarnate Forme	580	79	115	70	125	80	111	5	t
706	642	ThundurusTherian Forme	580	79	105	70	145	80	101	5	t
707	643	Reshiram	680	100	120	100	150	120	90	5	t
708	644	Zekrom	680	100	150	120	120	100	90	5	t
709	645	LandorusIncarnate Forme	600	89	125	90	115	80	101	5	t
710	645	LandorusTherian Forme	600	89	145	90	105	80	91	5	t
711	646	Kyurem	660	125	130	90	130	90	95	5	t
712	646	KyuremBlack Kyurem	700	125	170	100	120	90	95	5	t
713	646	KyuremWhite Kyurem	700	125	120	90	170	100	95	5	t
714	647	KeldeoOrdinary Forme	580	91	72	90	129	90	108	5	f
715	647	KeldeoResolute Forme	580	91	72	90	129	90	108	5	f
716	648	MeloettaAria Forme	600	100	77	77	128	128	90	5	f
717	648	MeloettaPirouette Forme	600	100	128	90	77	77	128	5	f
718	649	Genesect	600	71	120	95	120	95	99	5	f
719	650	Chespin	313	56	61	65	48	45	38	6	f
720	651	Quilladin	405	61	78	95	56	58	57	6	f
721	652	Chesnaught	530	88	107	122	74	75	64	6	f
722	653	Fennekin	307	40	45	40	62	60	60	6	f
723	654	Braixen	409	59	59	58	90	70	73	6	f
724	655	Delphox	534	75	69	72	114	100	104	6	f
725	656	Froakie	314	41	56	40	62	44	71	6	f
726	657	Frogadier	405	54	63	52	83	56	97	6	f
727	658	Greninja	530	72	95	67	103	71	122	6	f
728	659	Bunnelby	237	38	36	38	32	36	57	6	f
729	660	Diggersby	423	85	56	77	50	77	78	6	f
730	661	Fletchling	278	45	50	43	40	38	62	6	f
731	662	Fletchinder	382	62	73	55	56	52	84	6	f
732	663	Talonflame	499	78	81	71	74	69	126	6	f
733	664	Scatterbug	200	38	35	40	27	25	35	6	f
734	665	Spewpa	213	45	22	60	27	30	29	6	f
735	666	Vivillon	411	80	52	50	90	50	89	6	f
736	667	Litleo	369	62	50	58	73	54	72	6	f
737	668	Pyroar	507	86	68	72	109	66	106	6	f
738	669	Flabébé	303	44	38	39	61	79	42	6	f
739	670	Floette	371	54	45	47	75	98	52	6	f
740	671	Florges	552	78	65	68	112	154	75	6	f
741	672	Skiddo	350	66	65	48	62	57	52	6	f
742	673	Gogoat	531	123	100	62	97	81	68	6	f
743	674	Pancham	348	67	82	62	46	48	43	6	f
744	675	Pangoro	495	95	124	78	69	71	58	6	f
745	676	Furfrou	472	75	80	60	65	90	102	6	f
746	677	Espurr	355	62	48	54	63	60	68	6	f
747	678	MeowsticMale	466	74	48	76	83	81	104	6	f
748	678	MeowsticFemale	466	74	48	76	83	81	104	6	f
749	679	Honedge	325	45	80	100	35	37	28	6	f
750	680	Doublade	448	59	110	150	45	49	35	6	f
751	681	AegislashBlade Forme	520	60	150	50	150	50	60	6	f
752	681	AegislashShield Forme	520	60	50	150	50	150	60	6	f
753	682	Spritzee	341	78	52	60	63	65	23	6	f
754	683	Aromatisse	462	101	72	72	99	89	29	6	f
755	684	Swirlix	341	62	48	66	59	57	49	6	f
756	685	Slurpuff	480	82	80	86	85	75	72	6	f
757	686	Inkay	288	53	54	53	37	46	45	6	f
758	687	Malamar	482	86	92	88	68	75	73	6	f
759	688	Binacle	306	42	52	67	39	56	50	6	f
760	689	Barbaracle	500	72	105	115	54	86	68	6	f
761	690	Skrelp	320	50	60	60	60	60	30	6	f
762	691	Dragalge	494	65	75	90	97	123	44	6	f
763	692	Clauncher	330	50	53	62	58	63	44	6	f
764	693	Clawitzer	500	71	73	88	120	89	59	6	f
765	694	Helioptile	289	44	38	33	61	43	70	6	f
766	695	Heliolisk	481	62	55	52	109	94	109	6	f
767	696	Tyrunt	362	58	89	77	45	45	48	6	f
768	697	Tyrantrum	521	82	121	119	69	59	71	6	f
769	698	Amaura	362	77	59	50	67	63	46	6	f
770	699	Aurorus	521	123	77	72	99	92	58	6	f
771	700	Sylveon	525	95	65	65	110	130	60	6	f
772	701	Hawlucha	500	78	92	75	74	63	118	6	f
773	702	Dedenne	431	67	58	57	81	67	101	6	f
774	703	Carbink	500	50	50	150	50	150	50	6	f
775	704	Goomy	300	45	50	35	55	75	40	6	f
776	705	Sliggoo	452	68	75	53	83	113	60	6	f
777	706	Goodra	600	90	100	70	110	150	80	6	f
778	707	Klefki	470	57	80	91	80	87	75	6	f
779	708	Phantump	309	43	70	48	50	60	38	6	f
780	709	Trevenant	474	85	110	76	65	82	56	6	f
781	710	PumpkabooAverage Size	335	49	66	70	44	55	51	6	f
782	710	PumpkabooSmall Size	335	44	66	70	44	55	56	6	f
783	710	PumpkabooLarge Size	335	54	66	70	44	55	46	6	f
784	710	PumpkabooSuper Size	335	59	66	70	44	55	41	6	f
785	711	GourgeistAverage Size	494	65	90	122	58	75	84	6	f
786	711	GourgeistSmall Size	494	55	85	122	58	75	99	6	f
787	711	GourgeistLarge Size	494	75	95	122	58	75	69	6	f
788	711	GourgeistSuper Size	494	85	100	122	58	75	54	6	f
789	712	Bergmite	304	55	69	85	32	35	28	6	f
790	713	Avalugg	514	95	117	184	44	46	28	6	f
791	714	Noibat	245	40	30	35	45	40	55	6	f
792	715	Noivern	535	85	70	80	97	80	123	6	f
793	716	Xerneas	680	126	131	95	131	98	99	6	t
794	717	Yveltal	680	126	131	95	131	98	99	6	t
795	718	Zygarde50% Forme	600	108	100	121	81	95	95	6	t
796	719	Diancie	600	50	100	150	100	150	50	6	t
797	719	DiancieMega Diancie	700	50	160	110	160	110	110	6	t
798	720	HoopaHoopa Confined	600	80	110	60	150	130	70	6	t
799	720	HoopaHoopa Unbound	680	80	160	60	170	130	80	6	t
800	721	Volcanion	600	80	110	120	130	90	70	6	t
\.


--
-- Data for Name: pokemon_colors; Type: TABLE DATA; Schema: public; Owner: -
--

COPY public.pokemon_colors (pokemon_listing_id, color_id) FROM stdin;
1	2
2	2
3	2
4	2
5	3
6	3
7	3
8	4
9	3
10	8
11	8
12	8
13	8
14	2
15	2
16	6
17	9
18	7
19	7
20	7
21	9
22	9
23	9
24	9
25	4
25	4
26	4
26	4
27	9
28	9
29	10
30	10
31	7
32	7
32	7
33	6
33	6
34	8
34	8
35	8
36	8
37	8
38	10
39	10
40	10
41	1
42	1
43	6
43	6
44	7
44	7
45	1
46	1
47	10
48	10
49	8
50	8
51	3
52	3
53	3
54	10
55	10
56	9
57	9
58	7
58	7
59	7
59	7
60	7
61	8
62	9
63	9
64	9
65	9
66	8
67	8
68	8
69	9
70	9
71	9
72	9
73	5
74	5
75	5
76	2
77	2
78	2
79	8
80	8
81	9
81	9
82	9
82	9
83	9
83	9
84	7
85	7
86	1
87	1
88	1
89	5
90	5
91	9
92	9
93	9
94	6
95	6
96	10
96	10
97	10
97	10
98	10
99	10
100	10
101	10
102	10
103	10
104	5
105	7
106	7
107	3
108	3
109	3
110	3
111	1
112	7
113	9
114	10
114	10
115	9
116	9
117	1
118	10
119	10
120	5
121	5
122	1
123	8
124	9
125	9
126	8
127	8
128	3
129	3
130	9
131	10
132	1
133	2
134	3
135	7
136	3
137	9
138	9
139	9
140	8
141	8
142	8
143	8
144	10
145	9
146	8
147	7
148	3
149	1
150	8
151	8
152	9
153	9
154	10
155	10
156	4
157	8
158	7
159	7
160	8
161	8
162	9
163	10
164	10
165	10
166	1
167	2
168	2
169	2
170	7
171	7
172	7
173	8
174	8
175	8
176	9
177	9
178	9
179	9
180	3
181	3
182	2
183	3
184	10
185	8
186	8
187	7
188	1
189	1
190	6
191	6
192	2
193	2
194	6
195	1
196	7
197	7
198	2
199	8
200	8
201	9
202	2
203	1
204	2
205	8
206	10
207	7
208	7
209	3
210	8
211	8
212	10
213	4
214	4
215	1
216	5
217	4
218	8
219	7
220	5
221	10
222	7
223	10
224	5
225	5
226	1
227	10
228	5
229	3
230	3
231	7
232	8
233	8
234	4
235	9
236	9
237	3
238	3
239	9
240	9
241	1
242	5
243	3
244	3
245	10
246	5
247	4
248	4
249	4
250	8
251	8
252	5
253	3
254	9
255	6
256	10
257	9
258	1
259	7
260	3
261	1
262	1
263	7
264	9
265	8
266	2
267	5
268	2
269	2
270	6
271	3
272	2
273	2
274	2
275	2
276	2
277	3
278	3
279	3
280	3
281	8
282	8
283	8
284	8
285	5
286	5
287	9
288	6
289	3
290	6
291	7
292	10
293	2
294	2
295	2
296	2
297	9
298	9
299	9
300	8
301	8
302	6
303	7
304	6
305	6
306	6
307	6
308	8
309	8
310	9
311	2
312	9
313	6
314	9
315	5
316	7
317	9
318	1
319	8
320	8
321	7
322	9
323	8
324	5
325	1
326	10
327	10
328	10
329	4
330	4
331	5
332	5
333	5
334	5
335	8
336	3
337	3
338	2
339	7
340	7
341	7
342	7
343	5
344	10
345	2
346	2
347	10
348	3
349	8
350	8
351	8
352	8
353	7
354	3
355	3
356	9
357	4
358	10
359	9
360	9
361	2
362	2
363	2
364	2
365	8
366	8
367	8
368	6
369	4
370	7
371	3
372	5
373	8
374	3
375	3
376	9
377	4
378	10
379	2
380	5
381	5
382	9
383	1
384	6
384	6
385	2
386	4
387	4
388	4
389	4
390	4
391	2
392	8
393	6
394	6
395	8
396	5
397	5
398	5
399	8
400	8
401	8
402	8
403	8
404	1
405	5
406	1
407	8
408	6
409	8
410	8
411	8
412	8
413	8
414	8
415	9
416	8
417	5
418	3
419	10
420	8
421	10
422	8
423	8
424	3
425	3
426	2
427	2
428	7
429	3
430	3
431	3
432	3
433	2
434	2
435	2
436	9
437	9
438	9
439	8
440	8
441	8
442	9
443	9
444	9
445	9
446	9
447	3
448	3
449	8
450	8
451	8
452	2
453	2
454	8
455	8
456	5
457	5
458	2
459	2
460	9
461	3
462	7
463	7
464	7
465	6
466	9
467	9
468	1
469	1
469	1
470	10
470	10
471	10
471	10
472	10
473	10
474	10
475	9
476	9
477	9
478	10
479	4
480	5
481	5
482	7
483	10
484	10
485	2
486	2
487	9
488	1
489	1
490	4
491	10
492	8
493	8
494	8
495	8
496	4
497	8
498	8
499	8
500	9
501	9
502	10
503	10
504	8
505	8
506	2
507	8
508	8
509	8
510	6
511	6
512	6
513	4
514	5
515	1
516	5
517	8
518	7
519	3
520	6
521	2
522	2
523	8
524	10
525	9
526	3
527	6
528	6
529	5
530	4
531	6
532	3
533	3
534	3
535	3
536	3
537	3
538	7
539	1
540	8
541	6
542	10
543	9
544	6
545	4
546	4
547	7
548	8
549	8
550	4
551	2
552	2
553	6
554	7
555	2
556	2
557	2
558	3
559	3
560	3
561	8
562	8
563	8
564	9
565	9
566	9
567	5
568	5
569	10
570	10
571	2
572	2
573	3
574	3
575	8
576	8
577	1
578	1
579	5
580	5
581	5
582	4
583	4
584	8
585	8
586	8
587	8
588	8
589	5
590	5
591	1
592	6
593	5
594	5
595	9
596	8
597	8
598	8
599	3
600	8
601	7
602	2
603	7
604	3
605	5
606	3
607	2
608	2
609	2
610	2
611	2
612	9
613	9
614	3
615	3
616	3
617	8
618	2
619	3
620	3
621	7
622	3
623	4
624	4
625	7
626	8
627	8
628	7
629	7
630	2
631	2
632	5
633	5
634	5
635	5
636	10
637	10
638	10
639	2
640	2
641	2
642	8
643	6
644	6
645	6
646	6
647	1
648	9
649	6
650	8
651	5
652	6
653	6
654	6
655	6
656	1
657	7
658	7
659	5
660	5
661	5
662	5
663	5
664	6
665	8
666	8
667	8
668	9
669	6
670	4
671	4
672	2
673	2
674	7
675	6
676	6
677	8
678	3
679	3
680	9
681	7
682	10
683	3
684	2
685	2
686	3
687	3
688	9
689	6
690	3
691	9
692	9
693	3
694	5
695	8
696	8
697	8
698	6
699	6
700	8
701	5
702	2
703	2
704	2
705	8
706	8
707	6
708	4
709	9
710	9
711	5
712	5
713	5
714	7
715	7
716	6
717	6
718	10
719	2
720	2
721	2
722	3
723	3
724	3
725	8
726	8
727	8
728	9
729	9
730	3
731	3
732	3
733	4
734	4
735	6
736	9
737	9
738	6
739	6
740	6
741	9
742	9
743	6
744	6
745	6
746	5
747	8
748	6
749	9
750	9
751	9
752	9
753	1
754	1
755	6
756	6
757	8
758	8
759	9
760	9
761	9
762	9
763	8
764	8
765	7
766	7
767	9
768	3
769	8
770	8
771	1
772	2
773	7
774	5
775	10
776	10
777	10
778	5
779	9
780	9
781	9
782	9
783	9
784	9
785	9
786	9
787	9
788	9
789	8
790	8
791	10
792	10
793	8
794	3
795	2
796	1
797	1
798	10
799	10
800	9
\.


--
-- Data for Name: pokemon_types; Type: TABLE DATA; Schema: public; Owner: -
--

COPY public.pokemon_types (pokemon_listing_id, type_id) FROM stdin;
1	1
1	2
2	1
2	2
3	1
3	2
4	1
4	2
5	3
6	3
7	3
7	4
8	3
8	5
9	3
9	4
10	6
11	6
12	6
13	6
14	7
15	7
16	7
16	4
17	7
17	2
18	7
18	2
19	7
19	2
20	7
20	2
21	8
21	4
22	8
22	4
23	8
23	4
24	8
24	4
25	8
26	8
27	8
27	4
28	8
28	4
29	2
30	2
31	9
32	9
33	10
34	10
35	2
36	2
37	2
37	10
38	2
39	2
40	2
40	10
41	11
42	11
43	3
44	3
45	8
45	11
46	8
46	11
47	2
47	4
48	2
48	4
49	1
49	2
50	1
50	2
51	1
51	2
52	7
52	1
53	7
53	1
54	7
54	2
55	7
55	2
56	10
57	10
58	8
59	8
60	6
61	6
62	12
63	12
64	3
65	3
66	6
67	6
68	6
68	12
69	13
70	13
71	13
72	13
73	12
74	12
75	12
76	1
76	2
77	1
77	2
78	1
78	2
79	6
79	2
80	6
80	2
81	14
81	10
82	14
82	10
83	14
83	10
84	3
85	3
86	6
86	13
87	6
87	13
88	6
88	13
89	9
89	15
90	9
90	15
91	8
91	4
92	8
92	4
93	8
93	4
94	6
95	6
95	16
96	2
97	2
98	6
99	6
99	16
100	17
100	2
101	17
101	2
102	17
102	2
103	17
103	2
104	14
104	10
105	13
106	13
107	6
108	6
109	9
110	9
111	1
111	13
112	1
112	13
113	10
114	10
115	12
116	12
117	8
118	2
119	2
120	10
120	14
121	10
121	14
122	8
123	1
124	8
125	8
126	6
127	6
128	6
129	6
130	6
131	6
131	13
132	13
132	11
133	7
133	4
134	16
134	13
135	9
136	3
137	7
138	7
138	4
139	8
140	6
141	6
141	4
142	6
142	18
143	6
143	16
144	8
145	8
146	6
147	9
148	3
149	8
150	14
150	6
151	14
151	6
152	14
152	6
153	14
153	6
154	14
154	4
155	14
155	4
156	8
157	16
157	4
158	9
158	4
159	3
159	4
160	5
161	5
162	5
162	4
163	13
164	13
164	12
165	13
166	13
167	1
168	1
169	1
170	3
171	3
172	3
173	6
174	6
175	6
176	8
177	8
178	8
178	4
179	8
179	4
180	7
180	4
181	7
181	4
182	7
182	2
183	7
183	2
184	2
184	4
185	6
185	9
186	6
186	9
187	9
188	11
189	8
189	11
190	11
191	11
191	4
192	13
192	4
193	13
193	4
194	9
195	9
196	9
197	9
197	5
198	1
199	6
199	11
200	6
200	11
201	14
202	6
203	1
203	4
204	1
204	4
205	1
205	4
206	8
207	1
208	1
209	7
209	4
210	6
210	10
211	6
211	10
212	13
213	18
214	18
214	4
215	6
215	13
216	17
217	13
218	13
219	8
219	13
220	7
221	7
221	15
222	8
223	10
223	4
224	15
224	10
225	15
225	10
226	11
227	11
228	6
228	2
229	7
229	15
230	7
230	15
231	7
231	14
232	7
232	12
233	7
233	12
234	18
234	16
235	8
236	8
237	3
238	3
238	14
239	16
239	10
240	16
240	10
241	6
241	14
242	6
243	6
244	16
244	4
245	6
245	4
246	15
246	4
247	18
247	3
248	18
248	3
249	18
249	3
250	6
250	5
251	10
252	10
253	8
254	8
255	8
256	12
257	12
258	16
258	13
259	9
260	3
261	8
262	8
263	9
264	3
265	6
266	14
266	10
267	14
267	10
268	14
268	18
269	14
269	18
270	13
270	4
271	3
271	4
272	13
272	1
273	1
274	1
275	1
276	1
276	5
277	3
278	3
278	12
279	3
279	12
280	3
280	12
281	6
282	6
282	10
283	6
283	10
284	6
284	10
285	18
286	18
287	8
288	8
289	7
290	7
291	7
291	4
292	7
293	7
293	2
294	6
294	1
295	6
295	1
296	6
296	1
297	1
298	1
298	18
299	1
299	18
300	8
300	4
301	8
301	4
302	6
302	4
303	6
303	4
304	13
304	11
305	13
305	11
306	13
306	11
307	13
307	11
308	7
308	6
309	7
309	4
310	1
311	1
311	12
312	8
313	8
314	8
315	7
315	10
316	7
316	4
317	7
317	17
318	8
319	8
320	8
321	12
322	12
323	8
323	11
324	14
325	8
326	8
327	18
327	17
328	18
328	17
329	15
329	11
330	15
330	11
331	15
331	14
332	15
332	14
333	15
333	14
334	15
335	12
335	13
336	12
336	13
337	12
337	13
338	9
339	9
340	9
341	9
342	9
343	7
344	7
345	1
345	2
346	2
347	2
348	6
348	18
349	6
349	18
350	6
350	18
351	6
352	6
353	3
353	10
354	3
354	10
355	3
355	10
356	3
357	13
358	13
359	8
360	10
361	10
361	5
362	10
362	5
363	1
364	1
364	18
365	8
365	4
366	5
366	4
367	5
367	11
368	8
369	2
370	14
370	13
371	14
371	13
372	6
372	10
373	6
373	10
374	6
375	6
375	18
376	10
376	13
377	10
377	13
378	14
378	1
379	14
379	1
380	14
380	7
381	14
381	7
382	6
383	6
384	8
385	8
386	17
387	17
388	17
389	17
390	17
391	1
391	4
392	13
393	18
394	18
395	13
396	16
397	16
398	16
399	16
399	6
400	16
400	6
401	16
401	6
402	6
403	6
404	6
405	6
405	14
406	6
407	5
408	5
409	5
409	4
410	5
410	4
411	15
411	13
412	15
412	13
413	15
413	13
414	15
414	13
415	14
416	16
417	15
418	5
418	13
419	5
419	13
420	5
420	13
421	5
421	13
422	6
423	6
424	10
425	10
425	3
426	5
426	4
427	5
427	4
428	15
428	13
429	13
430	13
431	13
432	13
433	1
434	1
435	1
435	10
436	3
437	3
437	12
438	3
438	12
439	6
440	6
441	6
441	15
442	8
442	4
443	8
443	4
444	8
444	4
445	8
446	8
446	6
447	7
448	7
449	9
450	9
451	9
452	1
452	2
453	1
453	2
454	14
455	14
456	14
456	15
457	14
457	15
458	7
459	7
459	1
460	7
460	10
461	7
461	15
462	7
462	4
463	7
463	4
464	7
464	4
465	9
466	6
467	6
468	1
469	1
470	6
471	6
471	10
472	8
473	17
473	4
474	17
474	4
475	8
476	8
477	8
477	12
478	17
479	18
479	4
480	8
481	8
482	13
483	2
483	18
484	2
484	18
485	15
485	13
486	15
486	13
487	14
488	13
488	11
489	8
490	8
490	4
491	17
491	18
492	5
492	10
493	5
493	10
494	5
494	10
495	5
495	10
496	8
497	12
498	12
498	15
499	12
499	15
500	10
501	10
502	2
502	7
503	2
503	18
504	2
504	12
505	2
505	12
506	1
507	6
508	6
509	6
509	4
510	1
510	16
511	1
511	16
512	1
512	16
513	18
513	16
514	9
514	15
515	8
516	10
516	14
517	1
518	9
519	3
520	11
520	4
521	7
521	4
522	1
523	16
524	10
524	4
525	16
525	10
526	8
527	13
527	12
528	13
528	12
529	14
529	15
530	17
531	16
531	17
532	9
532	17
533	9
533	3
534	9
534	6
535	9
535	16
536	9
536	4
537	9
537	1
538	13
539	13
540	13
541	15
541	5
542	6
542	5
543	3
543	15
544	8
545	17
545	5
546	17
546	5
547	13
548	6
549	6
550	18
551	1
552	1
552	4
553	8
554	13
554	3
555	1
556	1
557	1
558	3
559	3
559	12
560	3
560	12
561	6
562	6
563	6
564	8
565	8
566	8
567	8
568	8
569	18
570	18
571	1
572	1
573	3
574	3
575	6
576	6
577	13
578	13
579	8
579	4
580	8
580	4
581	8
581	4
582	9
583	9
584	14
585	14
586	14
587	13
587	4
588	13
588	4
589	10
590	10
590	15
591	8
592	8
592	11
593	12
594	12
595	12
596	6
597	6
597	10
598	6
598	10
599	12
600	12
601	7
601	1
602	7
602	1
603	7
603	1
604	7
604	2
605	7
605	2
606	7
606	2
607	1
607	11
608	1
608	11
609	1
610	1
611	6
612	10
612	18
613	10
613	18
614	10
614	18
615	3
616	3
617	3
617	13
618	1
619	7
619	14
620	7
620	14
621	18
621	12
622	18
622	12
623	13
623	4
624	17
625	17
626	6
626	14
627	6
627	14
628	14
628	4
629	14
629	4
630	2
631	2
632	18
633	18
634	8
635	8
636	13
637	13
638	13
639	13
640	13
641	13
642	6
642	4
643	6
643	4
644	16
645	16
646	16
647	8
647	1
648	8
648	1
649	9
649	4
650	7
651	7
651	15
652	1
652	2
653	1
653	2
654	6
654	17
655	6
655	17
656	6
657	7
657	9
658	7
658	9
659	1
659	15
660	1
660	15
661	15
662	15
663	15
664	9
665	9
666	9
667	13
668	13
669	17
669	3
670	17
670	3
671	17
671	3
672	5
673	5
674	5
675	16
676	16
677	16
678	7
679	7
680	10
680	9
681	12
682	12
683	5
684	10
684	17
685	10
685	17
686	18
686	15
687	18
687	15
688	8
689	8
689	4
690	8
690	4
691	18
691	4
692	18
692	4
693	3
694	7
694	15
695	18
695	5
696	18
696	5
697	18
697	5
698	7
698	3
699	7
699	3
700	15
700	12
701	14
701	12
702	1
702	12
703	4
704	4
705	9
705	4
706	9
706	4
707	5
707	3
708	5
708	9
709	10
709	4
710	10
710	4
711	5
711	16
712	5
712	16
713	5
713	16
714	6
714	12
715	6
715	12
716	8
716	13
717	8
717	12
718	7
718	15
719	1
720	1
721	1
721	12
722	3
723	3
724	3
724	13
725	6
726	6
727	6
727	18
728	8
729	8
729	10
730	8
730	4
731	3
731	4
732	3
732	4
733	7
734	7
735	7
735	4
736	3
736	8
737	3
737	8
738	11
739	11
740	11
741	1
742	1
743	12
744	12
744	18
745	8
746	13
747	13
748	13
749	15
749	17
750	15
750	17
751	15
751	17
752	15
752	17
753	11
754	11
755	11
756	11
757	18
757	13
758	18
758	13
759	14
759	6
760	14
760	6
761	2
761	6
762	2
762	5
763	6
764	6
765	9
765	8
766	9
766	8
767	14
767	5
768	14
768	5
769	14
769	16
770	14
770	16
771	11
772	12
772	4
773	9
773	11
774	14
774	11
775	5
776	5
777	5
778	15
778	11
779	17
779	1
780	17
780	1
781	17
781	1
782	17
782	1
783	17
783	1
784	17
784	1
785	17
785	1
786	17
786	1
787	17
787	1
788	17
788	1
789	16
790	16
791	4
791	5
792	4
792	5
793	11
794	18
794	4
795	5
795	10
796	14
796	11
797	14
797	11
798	13
798	17
799	13
799	18
800	3
800	6
\.


--
-- Data for Name: types; Type: TABLE DATA; Schema: public; Owner: -
--

COPY public.types (id, type_name) FROM stdin;
1	Grass
2	Poison
3	Fire
4	Flying
5	Dragon
6	Water
7	Bug
8	Normal
9	Electric
10	Ground
11	Fairy
12	Fighting
13	Psychic
14	Rock
15	Steel
16	Ice
17	Ghost
18	Dark
\.


--
-- Name: pokemon_listing_id_seq; Type: SEQUENCE SET; Schema: public; Owner: -
--

SELECT pg_catalog.setval('public.pokemon_listing_id_seq', 1, false);


--
-- PostgreSQL database dump complete
--

